,unique_dates,unique_users,unique_meals,Protein_average_sum,Calories_average_sum,Sodium_average_sum,Sugar_average_sum,Fat_average_sum,Carbs_average_sum,Fiber_average_sum,Protein_average_dif,Calories_average_dif,Sodium_average_dif,Sugar_average_dif,Fat_average_dif,Carbs_average_dif,Fiber_average_dif
0,2014-09-14,56,58,6.245841035120148,136.23105360443623,215.7216117216117,6.989051094890511,5.641176470588236,13.127118644067796,1.3450134770889488,58.267857142857146,693.4821428571429,676.1785714285714,21.946428571428573,26.785714285714285,87.67857142857143,10.142857142857142
1,2014-09-15,280,223,6.949937027707809,126.00124378109453,181.6229674796748,5.273216031280548,4.787349014621742,12.824838709677419,1.381948986265533,51.35,596.4678571428572,651.1714285714286,25.589285714285715,26.821428571428573,79.975,7.239285714285714
2,2014-09-16,279,246,7.175121163166398,128.07584,183.3759521218716,4.897581060216161,4.616699539776463,13.330019880715707,1.5029860650298605,47.45161290322581,553.010752688172,644.1182795698925,22.25448028673835,23.99283154121864,75.25806451612904,6.917562724014337
3,2014-09-17,274,253,7.27998674618953,132.67468688200395,185.93870601589103,4.899328859060403,4.967643051771117,13.420027341079972,1.5299727520435968,50.481751824817515,550.7883211678832,648.4014598540145,22.259124087591243,25.536496350364963,71.85401459854015,7.737226277372263
4,2014-09-18,382,328,6.989593188268685,127.45809792843691,183.88836477987422,4.790322580645161,4.833858840650012,13.187240283549254,1.6432584269662922,47.1413612565445,519.2460732984293,640.2931937172775,19.709424083769633,24.845549738219894,69.2434554973822,7.638743455497382
5,2014-09-19,452,341,6.944834710743802,134.21263071560386,196.24303457536087,4.9504950495049505,5.187208809826345,13.718366483283962,1.484251968503937,48.43805309734513,532.9314159292036,692.1061946902655,20.141592920353983,25.241150442477878,68.66150442477876,6.634955752212389
6,2014-09-20,515,339,6.9426862215360865,144.9181208053691,210.93252487562188,4.957107075767063,5.675154167495524,14.639801980198019,1.476984126984127,50.93980582524272,560.6019417475728,700.0213592233009,20.75728155339806,24.485436893203882,76.57087378640777,7.918446601941747
7,2014-09-21,712,445,6.818443804034582,139.18426444474798,196.6140193215008,4.896914285714286,5.348293926093728,13.92867231638418,1.5721754284054603,50.12359550561798,551.4831460674158,675.8047752808989,20.042134831460675,26.02247191011236,74.99016853932584,7.747191011235955
8,2014-09-22,1171,739,6.866145319262015,124.26329285768158,175.047261009667,4.741262389149713,4.727308202606728,12.9712080277885,1.5385128376125374,47.75491033304868,531.4833475661827,667.5807002561913,19.287788215200685,23.906917164816395,70.21007685738685,6.70196413321947
9,2014-09-23,1373,852,6.714413322273974,123.7961763211382,175.24094407388404,4.743988528568277,4.672999802774308,12.941096246265749,1.5166644177573876,46.23597960670065,503.78732702112165,642.5367807720321,19.23889293517844,22.365622723962126,68.51056081573198,6.702840495265841
10,2014-09-24,1346,841,6.587881987987592,124.13863398007341,172.1363875170747,4.768069896743447,4.618615363771847,13.000201436916672,1.5228104759222754,48.23997028231798,506.6768202080238,682.1679049034175,18.709509658246656,23.22065378900446,69.48959881129272,6.405646359583953
11,2014-09-25,1344,832,6.586587380244467,123.39171535482177,169.9543757776856,4.6708117443868735,4.647312117338357,12.900844730490748,1.5298507462686568,47.75,531.2470238095239,681.5565476190476,22.117559523809526,23.436011904761905,71.44940476190476,6.553571428571429
12,2014-09-26,1334,803,6.641701828410689,131.04915171402638,178.64246242263485,4.68576909243496,4.873877756230697,13.406994207251662,1.4842011570983533,50.595952023988005,567.1574212893553,723.5509745127437,19.44902548725637,24.843328335832084,74.90104947526237,7.29160419790105
13,2014-09-27,1298,739,6.89414017617771,142.75731772219265,200.94261886980334,4.975287656903766,5.456151272274531,14.245131640442436,1.4953821656050956,54.63251155624037,598.0647149460709,729.1317411402157,21.61864406779661,27.284283513097073,81.05701078582435,8.218027734976888
14,2014-09-28,1370,789,6.867569546120059,138.577650554388,200.02058378881264,4.920086393088553,5.47243623307652,14.085533184190902,1.4739042899179184,53.63430656934307,563.4744525547445,735.1627737226278,19.98978102189781,25.673722627737227,75.98175182481752,7.6
15,2014-09-29,1897,1098,6.606593813669198,121.96315475917694,171.64411957233253,4.7457382953181275,4.573513436924385,12.863229435200376,1.5389944576405383,46.86188719030047,512.4464944649446,672.4317343173432,18.94043226146547,23.460200316288876,70.7248286768582,6.665260938323669
16,2014-09-30,1934,1129,6.643518309477582,122.1188605108055,172.87804179788148,4.796964534613598,4.556410961415086,12.691695991956491,1.5174878490422186,46.32936918304033,501.41726990692865,680.936918304033,19.094105480868667,22.894002068252327,69.85108583247157,6.758531540847984
17,2014-10-01,1908,1103,6.759508189200349,125.0743396568939,180.40013097576949,4.712238147739802,4.682147701230064,12.885408461146378,1.5124235474006116,46.672955974842765,497.90932914046124,686.9659329140461,19.20649895178197,22.600104821802937,70.63626834381552,6.637840670859539
18,2014-10-02,1969,1162,6.703425833860616,124.56069880702381,176.18447566340288,4.687485805132864,4.650727172312224,12.954601676668652,1.5854514415781487,47.59573387506349,510.9527679024886,675.860843067547,19.585068562722196,22.79431183341798,71.11630269172169,6.90655154900965
19,2014-10-03,1973,1069,6.7301255230125525,132.30084154844914,184.82845825716026,4.792608480448771,4.959627021128856,13.682213868829756,1.5354602723023776,50.439432336543334,564.5712113532692,706.8129751647238,20.329954384186518,24.540800810947797,76.16218955904714,7.252407501267106
20,2014-10-04,1833,998,6.920710123618145,144.27848169515286,197.55623879067383,4.942594296228151,5.584074708515224,14.410186776035028,1.5010994097905335,53.274413529732676,603.4446262956901,724.9023458810693,21.958537915984724,27.743589743589745,82.2367703218767,7.642116748499728
21,2014-10-05,1862,1032,6.8648192135128,138.87285438514112,195.15512534127575,4.656443368307775,5.4859132297803965,14.016779066630699,1.435767707875055,51.82599355531686,573.2841031149302,732.1600429645542,21.308807733619762,26.616004296455426,76.66165413533835,7.605263157894737
22,2014-10-06,2559,1382,6.659173669467787,123.38903520931522,176.59715956558063,4.686594524274141,4.556872797180391,12.947389043242858,1.5610224586288417,46.35834310277452,534.3196561156702,688.293864790934,19.433763188745605,23.611957796014067,69.98358733880423,6.8300117233294255
23,2014-10-07,2640,1419,6.566980543981102,122.4044856167723,173.74435079373288,4.806154371196178,4.5234375,12.843856257083806,1.520443281938326,46.98371212121212,516.9477272727273,660.325,19.788257575757576,23.012878787878787,70.09621212121212,6.672727272727273
24,2014-10-08,2594,1417,6.534412955465587,122.37914691943128,170.3287800777556,4.699895676364901,4.581369248035915,12.88874897903621,1.5218671152228764,46.77525057825752,514.2474942174248,645.0377794911334,19.276407093292214,23.011565150346954,69.6615265998458,6.648804934464148
25,2014-10-09,2633,1378,6.834159908853294,123.78739922364885,174.865551067513,4.735256633066852,4.6676292722701636,12.89324522260449,1.510298769771529,49.990125332320545,526.5510824154957,669.8123813140904,18.921382453475122,23.635017090770983,70.70034181541968,6.6695784276490695
26,2014-10-10,2648,1378,6.673569913349873,131.44716719422414,189.14732650739478,4.846658822072212,4.940306141087933,13.6309615455112,1.5438111600806752,49.25,583.3734894259819,766.284743202417,20.129909365558913,25.272658610271904,77.79380664652568,7.297205438066465
27,2014-10-11,2462,1260,6.771874748450455,140.6600725880429,191.41575982588657,4.790673575129533,5.319166359579086,14.102675818981462,1.4686800894854586,53.60804224207961,613.6945572705117,732.418765231519,20.627132412672623,26.889926888708366,80.64012997562956,7.479285134037368
28,2014-10-12,2471,1258,6.7046326003599654,138.10350558497277,196.44314371074935,5.0410525607376,5.264722288628576,14.020694605048048,1.4570135746606334,52.60866046135168,592.4751112909753,809.980574666127,21.693241602590046,26.473897207608257,78.9364629704573,7.285714285714286
29,2014-10-13,3132,1594,6.712721121591788,124.44951868629671,175.42044835723362,4.845467470706477,4.6719967199672,13.118992135158754,1.5809443507588532,46.773627075351214,530.918901660281,658.2857598978288,19.868773946360154,23.76787994891443,72.21743295019157,6.787356321839081
30,2014-10-14,3240,1715,6.572970386517093,122.19982144732697,174.862439747868,4.776746282109058,4.520545720318337,12.95038374229813,1.540018241933645,46.269444444444446,518.4700617283951,680.9333333333333,19.24104938271605,22.769444444444446,70.44938271604939,6.465123456790123
31,2014-10-15,3166,1706,6.565006041964188,122.58621063472275,174.63421663942182,4.702805295805944,4.567471431772351,12.89647386759582,1.549742207640028,46.64971572962729,520.8850284270372,695.5341124447252,19.499368288060644,23.513265950726467,70.61718256475048,6.593809222994315
32,2014-10-16,3077,1632,6.653533079321095,125.31933994528043,181.5058435308676,4.64886397167306,4.712913459843723,13.068993839835729,1.5256914566687154,47.26876828079298,540.3704907377315,686.5602859928501,20.187195320117,23.35099122521937,73.54696132596685,6.417614559636009
33,2014-10-17,2881,1455,6.740029639387453,132.66543149683082,186.269989615784,4.886035403203147,5.020523517932844,13.747805989147183,1.5235327473773745,50.70426935091982,607.0676848316557,736.0853870183964,20.898299201666088,25.82297813259285,78.41166261714682,7.072544255466852
34,2014-10-18,2545,1292,6.832421950746558,160.70741421568627,250.2533325142822,5.589736859373975,5.307349050270505,16.156103147336413,1.7347571189279731,53.58781925343811,820.279764243615,1097.682514734774,24.997249508840863,26.967387033398822,101.16070726915521,8.633398821218075
35,2014-10-19,2506,1229,6.757325724861197,136.25924656229765,194.92733394551576,4.916569124723631,5.288600118133491,14.02215239591516,1.4759279071681344,52.615722266560255,574.7122905027933,756.9465283320031,21.54908220271349,26.109337589784516,80.57023144453312,7.239425379090184
36,2014-10-20,3321,1741,6.626994839221913,121.63714964866912,171.87057392179895,4.718557064738049,4.549947452100569,12.825291672254258,1.5636784464265552,46.43450767841012,528.6946702800361,644.5820535983138,19.659138813610358,23.313760915386933,71.67871123155676,6.56519120746763
37,2014-10-21,3255,1759,6.608994610667162,122.26409005037783,173.28444990260016,4.671508229157299,4.531275320045373,12.998386315959335,1.5702730030333671,46.57757296466974,514.0783410138249,679.5658986175115,19.14347158218126,23.408909370199694,70.01658986175116,6.559447004608295
38,2014-10-22,3194,1682,6.55716814159292,123.79368534193202,173.22025240384616,4.74112240635009,4.623928303876141,13.00427267965929,1.5420160777282979,47.16280525986224,517.7695679398873,665.9683782091421,19.62398246712586,22.97526612398247,71.24859110832811,6.6559173450219165
39,2014-10-23,3088,1617,6.631928472861086,125.2815572493129,180.31667881216978,4.799028745217306,4.754843800227944,13.13697633118868,1.519434628975265,48.273316062176164,536.2218264248704,681.7665155440415,20.352331606217618,24.087435233160623,72.85848445595855,6.594559585492228
40,2014-10-24,2873,1456,6.709460793995655,131.67610257076927,183.79651314077543,4.854595106726857,4.933311003182046,13.642460529836768,1.5411542761319172,50.67072746258267,585.7107553080403,720.8005569091542,20.643230073094326,25.82909850330665,79.34041072050123,7.234946049425687
41,2014-10-25,2485,1247,6.812829278101749,141.4838196708277,187.00679839888176,4.8820832192718315,5.287067663032382,14.038624143167919,1.4334349593495934,56.28169014084507,623.0712273641851,719.010060362173,22.327565392354124,27.190744466800805,82.51267605633802,7.989134808853119
42,2014-10-26,2468,1199,6.686052435631148,135.08127564052944,192.61190152171224,4.8431346981353505,5.217154011632539,13.933155080213904,1.469784594753164,53.0952188006483,579.8606158833063,775.6977309562399,22.793354943273908,26.292544570502432,82.89424635332253,7.475283630470016
43,2014-10-27,3245,1691,6.589702831586605,121.82506589983225,173.1362037547146,4.624087924115287,4.576418016832525,12.81622729135364,1.5328091576573972,46.82280431432974,512.586748844376,686.0335901386749,19.180277349768875,22.791063174114022,70.8939907550077,6.628659476117103
44,2014-10-28,3228,1676,6.66870055887038,132.7213521517569,171.53416734501522,4.595818014705882,4.621443661005789,12.795289408022812,1.531497418244406,47.16294919454771,642.5721809169764,675.4550805452293,19.306691449814128,23.636926889714992,72.1003717472119,6.659231722428748
45,2014-10-29,3106,1624,6.657271125760073,124.6857760799955,174.83126506561914,4.659184965188179,4.71047762229675,13.000604995534557,1.5385537834272696,46.481004507405025,524.3783000643915,676.0553766902768,20.037990985189953,23.84803605924018,71.2430779137154,6.71249195106246
46,2014-10-30,2947,1555,6.700784977682007,125.92029933379978,177.56383338977312,4.874835379023336,4.7102841762643965,13.2489375,1.5324455992205261,49.333220223956566,564.7889379029522,683.9009161859518,20.097387173396676,24.483542585680354,77.29317950458093,7.00848320325755
47,2014-10-31,2549,1287,6.597607892431341,136.49197195838988,186.9272981687656,5.024161605492474,5.702197759603085,13.814344516930724,1.5204514528135755,53.37504903883876,632.5394272263633,757.5339348764221,21.415849352687328,33.088269909768535,83.66535896429973,7.706943899568458
48,2014-11-01,2361,1198,6.864455016566137,142.97048326825376,202.91462925851704,4.975102820211516,5.478929188255613,14.246968840989092,1.4670520231213873,53.442185514612454,604.2219398559932,798.7132570944515,21.010165184243963,27.412537060567555,82.15374841168996,8.002541296060992
49,2014-11-02,2450,1208,6.852472057595163,137.09196712932018,185.17502807937103,4.8865185387131955,5.274680203045685,13.615500162390386,1.398392750277849,54.31673469387755,574.5861224489796,709.5481632653061,20.28326530612245,26.181632653061225,78.58244897959183,7.619183673469387
50,2014-11-03,3311,1695,6.617913981323162,120.90064277721393,170.5687307138449,4.627073420198337,4.553876760942037,12.744665490133162,1.5418161115855393,48.645122319540924,529.8450619148293,670.2201751736635,18.979160374509213,23.27544548474781,71.48988221081244,6.634249471458774
51,2014-11-04,3224,1654,6.641934263163585,122.54322701187775,170.66143934898702,4.639204153839085,4.601900041305246,12.82482092378626,1.526962061975094,47.10918114143921,517.1051488833747,676.2202233250621,19.26985111662531,22.57227047146402,70.87127791563276,6.589640198511166
52,2014-11-05,3166,1661,6.677091455942965,123.94470007990522,175.94927916120577,4.590461771385314,4.679611098476234,12.890375314647736,1.5431469035045606,46.96493998736576,521.9191408717625,697.7691092861655,18.92008843967151,23.61813013265951,71.23341756159192,6.497473152242577
53,2014-11-06,3081,1577,6.648966355897851,125.47522374403111,178.4872355944566,4.753565652109984,4.768664439253718,13.100429108864331,1.5394329577813544,46.85199610516066,530.4745212593314,670.9178838039597,20.10873093151574,23.77961700746511,73.07237909769556,6.798117494320026
54,2014-11-07,2870,1418,6.849512787255978,133.51041598212527,187.94242535167075,4.749310829817159,5.003324625979578,13.643447621628948,1.5693927241478087,49.86271777003484,569.4979094076655,727.1759581881533,20.169337979094077,25.49651567944251,76.01080139372823,7.067595818815331
55,2014-11-08,2494,1213,6.789906616332208,140.7350857862427,191.51648080832973,4.880545614153555,5.354502947753608,14.13357693869265,1.457403305503493,53.90497193263833,604.9354450681636,757.1375300721733,21.444266238973537,27.36327185244587,81.66559743384121,7.486367281475541
56,2014-11-09,2496,1229,6.814243787908433,136.12137632078029,188.88179465056083,4.81084144552607,5.240364989794693,13.81589690226527,1.4456836018174308,52.14302884615385,562.4851762820513,749.9370993589744,20.42948717948718,26.41346153846154,75.40544871794872,7.3850160256410255
57,2014-11-10,3245,1650,6.700739016269186,122.60895841690065,181.13619553666314,4.723101777059774,4.551461455659518,12.88293568892925,1.5373550147828066,48.35254237288136,523.9738058551618,751.0936825885979,19.377503852080125,23.392604006163328,70.7768875192604,6.364560862865948
58,2014-11-11,3139,1583,6.624405527891232,123.76767229449212,172.38408562530157,4.598104714522625,4.662314285714285,12.970966274242166,1.5260327403817742,47.05511309334183,506.89582669640015,643.4354890092386,18.841669321439948,22.5393437400446,69.99936285441224,6.501752150366359
59,2014-11-12,3124,1640,6.622727145378645,123.29070024910047,173.01625484812828,4.759703548862179,4.638910305833976,13.008017741385192,1.5479857819905214,47.08450704225352,512.8245838668374,685.5653008962868,19.043533930857876,23.603072983354675,69.3274647887324,6.649807938540333
60,2014-11-13,3022,1543,6.671980416741298,125.30692806603774,176.10048974311587,4.66343419983753,4.701287213274768,13.17066149510621,1.6171321920453083,46.991727332892125,524.8186631369954,673.5,19.07379219060225,23.862673726009266,71.14460622104566,6.641958967571145
61,2014-11-14,2783,1402,6.710726737298176,131.728661908113,182.6802879525725,4.692749626565552,4.876823114674777,13.46388382256788,1.558385183041528,49.81494789795185,554.7229608336328,729.9468199784405,19.363636363636363,24.41178584261588,74.29284944304707,6.962270930650377
62,2014-11-15,2500,1204,6.814263164285425,142.59927927927927,197.11639805576874,4.928561791689153,5.359633863485752,14.22154648132059,1.480488869489306,53.2784,598.104,733.844,20.8456,26.398,79.6348,7.4556
63,2014-11-16,2478,1139,6.832839476907274,137.9450154363203,191.37887590973028,4.871887523815781,5.256825525040388,14.00687757909216,1.4684715855029842,49.132768361581924,541.6836158192091,723.2389023405973,20.580306698950768,24.789749798224374,73.79176755447942,7.016949152542373
64,2014-11-17,3181,1655,6.667492277293852,121.90968593586712,171.653555613441,4.655976132761514,4.532563562937262,12.838618426635739,1.582588894727623,47.03803835271927,510.15844074190505,672.9380697893744,18.57654825526564,22.910091166299907,69.21439798805407,6.499214083621503
65,2014-11-18,3112,1619,6.6165373369320735,123.08749861157392,171.0031026044398,4.612102515424774,4.64059761528516,12.923386751221184,1.5710050400237177,47.07358611825193,507.3107326478149,680.9232005141388,18.713688946015424,23.534383033419022,68.70244215938304,6.385282776349614
66,2014-11-19,3008,1559,6.589720998531571,123.89803489652773,182.50227512984327,4.630988837301195,4.584878530988827,12.980887719088352,1.5425499042086397,48.601063829787236,515.4261968085107,722.5558510638298,19.122672872340427,23.017287234042552,70.45212765957447,6.642952127659575
67,2014-11-20,2902,1497,6.676694757714711,125.58294853368399,179.14586943963027,4.827051464017242,4.648666540571212,13.18033148474918,1.550834403080873,48.829772570640934,527.1946933149552,688.4824259131633,19.963473466574776,23.680565127498276,71.15196416264645,6.655065472088215
68,2014-11-21,2663,1329,6.674496882086168,132.43894758939192,182.42232318808846,4.784379896348078,4.983667435823478,13.653592176956662,1.5967251981921908,50.570409312805104,565.9019902365753,715.1892602328202,19.679309049943672,25.22305670296658,75.39279008636876,7.140818625610214
69,2014-11-22,2410,1194,6.757615894039735,140.04093327875563,198.19705483433444,4.737868829534331,5.236659912191827,13.952004731927838,1.5386671264764205,53.49253112033195,606.0605809128631,769.6551867219918,21.56058091286307,26.952282157676347,80.92655601659752,7.509958506224066
70,2014-11-23,2370,1151,6.703483881458596,134.56369248035915,187.08008071126804,4.740712868577684,5.168308227114716,13.546716386989848,1.4578179646848077,50.58396624472574,535.4523206751055,710.1556962025317,20.956540084388184,24.940084388185653,74.073417721519,7.20168776371308
71,2014-11-24,2920,1539,6.557771225339697,122.34603041300501,170.55990358712606,4.656715645695364,4.565399534522886,12.865195927182969,1.5806037251123957,48.14041095890411,527.1208904109589,686.7256849315069,19.354109589041094,23.51164383561644,70.35684931506849,6.402397260273973
72,2014-11-25,2733,1414,6.658664468260511,124.55796393933477,172.93661358865393,4.680396128741841,4.665716202616571,13.068017656500803,1.5828362921900216,48.6260519575558,536.0585437248445,717.7647274057812,19.191730698865715,23.81888035126235,70.78668130259788,6.736919136480059
73,2014-11-26,2477,1244,6.715939140765722,131.1156661230991,179.26308174584037,4.861190538081622,4.927890625,13.606032155850253,1.5321746160064673,51.535324989907146,581.937424303593,721.8029874848608,21.293096487686718,25.847799757771497,76.89382317319338,7.015744852644328
74,2014-11-27,2000,910,6.299393326592518,150.47127414673207,182.84465086483024,5.04580797836376,4.867218849675893,14.015794363580056,1.3876079117036388,60.4715,722.655,890.975,22.7055,30.9045,91.431,7.9825
75,2014-11-28,2090,1064,6.865724553224553,145.6336053768603,198.30370029172425,4.846877534468775,5.257640421878833,14.198783262439411,1.496430071398572,54.147846889952156,618.4325358851675,747.2976076555024,20.754545454545454,26.511004784688996,78.33062200956938,7.520574162679426
76,2014-11-29,2097,1026,6.689489142471953,142.7312538633446,199.52469847122993,4.905354720293672,5.307763626604206,14.206697063293621,1.5141578180303976,54.580352885073914,605.9928469241773,766.3180734382452,22.424415832141154,26.97711015736767,80.24606580829757,7.874582737243681
77,2014-11-30,2165,1052,6.750195160031225,136.03461433633143,191.4557544389332,4.710236822001528,5.136816151842203,13.562983088958635,1.5014070351758795,52.47713625866051,565.9981524249423,736.2443418013856,20.744110854503464,25.397228637413395,77.19769053117783,6.966281755196305
78,2014-12-01,3062,1564,6.6819645261370955,123.52355702364395,176.40886610100276,4.646148555708391,4.573049178365111,12.961882941053947,1.569962453066333,47.56303069888961,523.7635532331809,676.3928804702808,19.155127367733506,23.29653821032005,70.57935989549314,6.707380796864794
79,2014-12-02,3021,1522,6.717672413793103,124.72241837121764,179.84387351778656,4.672669386130734,4.6797143373711805,13.125209983201344,1.5791571753986333,47.59616021185038,521.7027474346243,690.2671300893744,19.674611055941742,23.53922542204568,70.70109235352533,6.572989076464747
80,2014-12-03,2966,1520,6.649766830084897,124.91211906449327,176.68035381750465,4.685204460966543,4.6369407312458035,13.142072523137612,1.5406824146981628,48.613283884018884,514.987862440998,685.7768037761294,18.68610923803102,22.987525286581253,69.2906271072151,6.662508428860418
81,2014-12-04,2867,1478,6.759576021072006,125.78848925371264,177.40149786727508,4.689634896028225,4.679680682589445,13.06574962953418,1.5016648907831647,49.72096267875828,543.6452738053715,699.7645622602023,19.68433903034531,23.670387164283223,73.25985350540635,6.749215207534007
82,2014-12-05,2638,1302,6.754640603916706,132.67061406666187,185.4020283744516,4.750291500460264,4.924996292451431,13.659296296296297,1.5177154944473823,50.86656557998484,571.1637604245641,737.6379833206975,19.736542835481426,25.586429112964368,76.38893100833965,7.089840788476118
83,2014-12-06,2347,1156,7.075542226278959,145.37401608487338,204.35,5.0170822126917205,5.56009360649947,14.515558698727016,1.4745855847605092,52.53941201533873,585.839795483596,768.115892628888,21.650617809970175,26.71623348956114,79.92543672773753,7.603323391563698
84,2014-12-07,2309,1125,6.849417249417249,136.19064928553522,189.7160633484163,4.904023440291574,5.404776247848537,13.925452425171684,1.4735163861824623,50.97444781290602,541.4365526201819,721.9592897358164,20.380684278908618,26.47509744478129,74.09571242962322,7.2130792550887834
85,2014-12-08,2959,1472,6.70839393939394,123.6807537012113,176.83459000942506,4.8660160618074615,4.611903879416852,12.896704513985046,1.5168949187252017,48.18790131801284,535.6549509969584,700.1635687732341,20.57080094626563,23.6752281176073,72.55559310577898,6.800270361608652
86,2014-12-09,2890,1468,6.685600444773907,124.46765198841993,173.76719881106476,4.654127535931095,4.6866381210251244,13.10905903712515,1.5110313662945243,47.73737024221453,519.9927335640139,688.3491349480969,19.097923875432524,23.04083044982699,69.9719723183391,6.654325259515571
87,2014-12-10,2819,1417,6.712127032910744,129.96715663031452,180.85634721525338,4.670800569950921,4.803233180927498,13.474917910205143,1.52675746319989,48.801702731465056,562.6133380631429,705.3398368215679,18.897126640652715,23.961688542036182,72.67470734302944,6.6729336644200075
88,2014-12-11,2685,1357,6.728561620322691,128.82964346349746,181.4454054054054,4.735596170583116,4.84270490079226,13.28675288360713,1.487479982530208,48.59851024208566,534.7303538175047,685.6294227188082,19.713966480446928,23.75195530726257,72.43500931098697,6.797020484171322
89,2014-12-12,2491,1233,6.898253755997797,136.12141469102215,188.55309679812092,4.791301460823373,5.133073898740271,13.779842229607977,1.5113913751017087,52.096748293857885,585.8137294259334,743.0052187876355,20.228823765556,25.53392211963067,77.36290646326776,7.287836210357286
90,2014-12-13,2214,1019,6.926674148896371,144.07246175886132,195.83004962054875,4.917524141206269,5.509538344143457,14.274260397313133,1.4900891972249752,54.74616079494128,626.9268292682926,751.1255645889793,22.67208672086721,26.67479674796748,85.8048780487805,7.836043360433604
91,2014-12-14,2259,1083,6.901793681956095,138.78635041001675,194.91956430666107,4.656226807184207,5.328999409010319,13.844710905209611,1.451127098321343,53.23019034971226,569.4488711819389,723.9986719787516,21.207613988490483,25.875608676405488,77.98539176626826,7.401505090748119
92,2014-12-15,2790,1448,6.620249869859448,123.86768537880006,171.03970768601798,4.878844669826921,4.6388188453881884,13.059786028949025,1.503139074655384,49.63046594982079,553.7985663082437,686.1082437275986,20.586021505376344,24.05483870967742,74.17670250896057,6.927956989247312
93,2014-12-16,2685,1365,6.733892799133731,126.38868856837607,177.048283546453,4.740560362115396,4.814596069491936,13.199032623237624,1.5370959756701323,49.75307262569832,548.1631284916201,688.1743016759776,19.726256983240223,24.094227188081938,73.47895716945996,7.061080074487895
94,2014-12-17,2591,1333,6.659184183291103,128.58577523890122,176.3673560899053,4.587975028789623,4.8039772727272725,13.18626989017362,1.4854865393292225,49.57854110382092,544.9409494403706,695.7888846005403,19.6163643380934,23.419529139328446,74.1945194905442,6.930528753377074
95,2014-12-18,2478,1285,6.798401489873516,132.7825570251102,192.01782238442823,4.954219931731477,4.952862618041013,13.649575685810143,1.5,74.43260694108152,583.6109765940274,773.9749798224375,28.961662631154155,33.142453591606134,111.86319612590799,6.976190476190476
96,2014-12-19,2271,1132,6.956871280092387,139.178038285915,190.92246136865342,4.780405145189864,5.281362979031091,13.856368563685637,1.4674398707101435,53.343901365037425,607.1202113606341,752.6715103478643,21.27168648172611,26.396301188903568,80.57287538529282,7.345662703654778
97,2014-12-20,2035,993,6.8990565080653345,143.13605578688606,192.8842708988058,4.930545897079277,5.437184115523466,14.349654706890284,2.2740813220265275,56.39262899262899,640.3257985257985,777.1488943488944,21.887469287469287,28.043243243243243,85.48648648648648,11.675184275184275
98,2014-12-21,2008,1016,6.912626288267249,142.30981179422835,195.43210664963678,4.7563934712402895,5.494358762032916,14.092703193975591,1.398753894080997,53.55926294820717,602.9611553784861,748.7236055776892,20.39890438247012,26.92828685258964,80.09013944223108,7.5129482071713145
99,2014-12-22,2295,1217,6.809846637179116,131.36197246394573,180.39909677419354,4.708159365933055,5.002113449995773,13.420687042182369,1.4839077435762518,74.33071895424837,570.4566448801743,702.9564270152506,27.666666666666668,33.66143790849673,112.21786492374727,7.207407407407407
100,2014-12-23,2146,1109,6.919000651344561,137.51494940202392,188.49615806805707,4.921397729090037,5.265826410770553,13.934315589353613,1.4870783191951076,81.32898415657036,632.2003727865797,737.6407269338304,30.856477166821996,36.61696178937558,123.52003727865797,7.7022367194780985
101,2014-12-24,1770,867,6.759738627795929,154.3901621017328,188.3921306465476,5.115832176790861,5.374287361475883,14.30699166132136,1.4158982956132997,119.00169491525423,776.4050847457627,816.2141242937853,42.21186440677966,51.49039548022599,179.78870056497175,8.349152542372881
102,2014-12-25,1418,707,9.927289970757924,199.1541106595811,208.05797450084196,5.385637951257657,9.126229115037173,18.02565757624657,1.997603244837758,88.72496473906911,1032.2023977433005,970.12341325811,24.535260930888576,61.54513399153738,122.43723554301833,10.874471086036671
103,2014-12-26,1913,963,8.55505593331871,160.1634188589369,208.8552708945821,5.067896874448173,7.224041578182631,15.862735243200984,1.848473703567488,70.96184004181913,790.9660219550444,801.2488238369053,22.468897020386827,43.71719811813905,100.40198640878202,9.175640355462624
104,2014-12-27,2002,1010,6.810327302297215,140.9391959798995,219.16957410026717,4.915509355509355,5.38978745463971,14.04100357679747,1.4535345512311357,54.71228771228771,639.9250749250749,950.0234765234766,22.14985014985015,27.403596403596403,86.3976023976024,7.327172827172827
105,2014-12-28,2138,1042,6.8916577390656295,136.57610647998894,188.3151493598862,4.697466007416564,5.292486371178004,13.78293064983149,1.449667221297837,52.79232927970065,582.2984097287184,729.5135640785782,20.970065481758652,26.112254443405053,78.79934518241348,7.2146866230121605
106,2014-12-29,2702,1345,6.775157720550212,128.39544386556338,182.53081955007178,4.731663890643846,4.855397507217802,13.225612316305108,1.5176822429906542,50.407105847520356,573.2176165803108,720.0125832716507,20.623242042931164,24.8860103626943,77.54589193190229,6.723168023686158
107,2014-12-30,2665,1336,6.694118459201988,127.17777398429499,181.12491351322583,4.68432874503254,4.891346526969344,13.086212350191545,1.509996199163816,51.70506566604128,578.0202626641651,707.9966228893059,21.00863039399625,25.133208255159474,77.19174484052533,6.877673545966229
108,2014-12-31,2343,1104,6.871233113959127,141.9411260237554,190.265617613291,4.687262912168077,5.183050547113808,13.862186134768987,1.4465797735705452,56.79940247545881,674.7106274007682,796.8117797695262,21.98804950917627,28.029876227059326,88.07212974818609,7.227059325650875
109,2015-01-01,2732,1271,6.6500455622380175,137.50929595733948,189.30017334899065,4.9651588874872346,5.301532966215211,13.914053813653547,1.4662332385209265,50.63177159590044,563.2327964860908,753.586383601757,21.264275256222547,25.732430453879942,80.39897510980967,6.72108345534407
110,2015-01-02,3126,1470,6.878292184209723,130.9431043840077,190.4138422625891,4.510493046776233,5.0102437961204345,13.414654557852648,1.5151829563533237,48.7530390275112,537.0335892514396,738.0204734484964,20.33269353806782,23.88515674984005,76.34197056941778,6.63659628918746
111,2015-01-03,3031,1408,6.815350971755937,132.46222479369044,186.339986203725,4.729170910572418,5.049665861387381,13.426097867001255,1.4672090555359039,51.5529528208512,549.7710326624876,742.4236225668096,21.436819531507755,24.52292972616298,76.87165951831079,6.522929726162983
112,2015-01-04,3145,1432,6.604367699339766,129.09296348812478,181.36498292607212,4.49958747876729,4.990667317311211,13.078329935181522,1.4662157450665922,48.22511923688394,522.5720190779015,748.1736089030206,20.836883942766296,24.165341812400637,76.0241653418124,6.3084260731319555
113,2015-01-05,4400,2079,6.596462369128946,118.44158869581821,170.90134333565945,4.457328415145496,4.45162118906957,12.37857702861623,1.4958452466047176,45.164545454545454,512.8325,688.5645454545455,19.744545454545456,22.803863636363637,72.40295454545455,6.021590909090909
114,2015-01-06,4347,2106,6.663324865713898,119.34326729830606,171.75893560528695,4.57096448621712,4.5108965079616885,12.508756429889662,1.4902858667140888,45.83827927306188,504.0809753853232,680.6811594202899,19.73452956061652,22.360478490913273,72.22337244076374,5.992638601334254
115,2015-01-07,4279,1994,6.5421196189271456,119.65517376101268,170.46086803415793,4.611107554417414,4.499584810126582,12.622422009531055,1.498110424923956,43.45384435615798,491.7092778686609,692.373451741061,19.895302640803926,22.295863519513905,70.9682168731012,5.715821453610657
116,2015-01-08,4240,1959,6.568312378615967,122.07263428144016,174.37875422207347,4.5113954945743595,4.57276827861114,12.625679770849766,1.4777585481079565,44.57688679245283,504.72853773584905,706.9452830188679,19.825943396226414,22.810849056603775,70.48797169811321,5.825235849056604
117,2015-01-09,4022,1819,6.689559185908552,128.10092922549507,179.27522497954732,4.546591116797661,4.829903176013845,13.137978964926099,1.4973072861668426,46.70238687220289,538.3955743411238,723.8948284435604,19.96494281452014,24.11163600198906,73.17677772252611,6.288910989557434
118,2015-01-10,3639,1603,6.74864552101415,136.3874032919674,193.5682241509135,4.709173851176027,5.210011584988011,13.697458351131996,1.4223806911684038,49.66062104973894,550.7034899697719,757.0159384446276,22.244023083264633,25.172849683979116,77.20527617477329,6.648529815883484
119,2015-01-11,3627,1633,6.897387086679879,131.94538053279746,187.68568991586864,4.717639251793787,5.289712637538725,13.631259925886713,1.4434467064395105,50.13813068651778,522.677970774745,727.2693686242073,21.39950372208437,26.294182519988972,77.74083264405846,6.414943479459608
120,2015-01-12,4454,2097,6.568082382835636,118.5313987757878,167.69349704411096,4.484270734032412,4.467373891298402,12.353594264677389,1.488055211466997,47.04737314773237,511.65671306690615,687.9144589133364,20.68567579703637,23.565334530758868,74.62797485406377,5.872474180511899
121,2015-01-13,4436,2106,6.602295341692911,118.97315743317955,171.79388106865844,4.484260671918299,4.479037787146853,12.452446581823159,1.5174418604651163,45.21731289449955,511.36654643823266,685.0561316501353,19.531785392245265,22.8629395852119,71.15757439134356,5.966411181244364
122,2015-01-14,4381,2029,6.637742157537614,121.14091350826045,171.3408439164277,4.44536069495153,4.57482151835093,12.620238783360906,1.5163230240549828,44.67107966217758,496.3989956630906,687.8320018260671,19.99931522483451,22.689112074868753,69.37685459940653,6.0392604428212735
123,2015-01-15,4298,1993,7.159017754114623,121.71137609539434,175.41495428623156,4.421888591771642,4.6620975256237704,12.627161760180531,1.5073889307228916,51.23220102373197,506.1770590972545,694.3399255467659,20.2012563983248,23.557701256398325,71.19776640297813,5.925779432294091
124,2015-01-16,4068,1800,6.717427857305158,129.30430192070088,181.56153050672182,4.593863077145752,4.862174863896515,13.25312140059894,1.5005340168749333,47.948377581120944,539.1467551622419,729.5457227138643,20.726647000983284,24.374139626352015,73.09242871189774,6.208456243854474
125,2015-01-17,3733,1576,6.852866511529512,138.518405308671,191.24037751971105,4.733308153930085,5.314966372255085,13.763143079274014,1.4423296535972592,51.25555853201179,593.507634610233,757.5462094829895,23.031609965175463,26.207607822126974,81.06161264398607,6.684971872488615
126,2015-01-18,3621,1532,6.76797757266404,135.1747862242096,187.05754331321782,4.686241398235319,5.266043647363872,13.517497177874537,1.4586132589681835,48.80226456779895,531.6561723280862,765.4838442419222,22.088649544324774,24.76442971554819,74.80668323667496,6.230875448771058
127,2015-01-19,4330,2025,6.676654207495707,122.98010358135535,173.40765987980984,4.519723897687321,4.647258642473953,12.83061675812925,1.5388149939540507,46.33048498845265,522.4533487297922,681.1745958429561,20.556581986143186,22.927482678983832,72.08060046189377,6.1150115473441105
128,2015-01-20,4531,2085,6.550402387879246,119.35039877472497,169.89379565107885,4.527990274565617,4.491034376266672,12.578008687831295,1.5078191513196217,45.20525270359744,509.21010814389757,702.4508938424188,20.542264400794526,22.632752151842862,71.15515338777311,5.806444493489296
129,2015-01-21,4474,2059,6.710306087355268,136.31458679558847,184.55759821251803,9.610866417280077,4.584293357285118,16.67429390014906,1.5330274395784118,46.46021457308896,684.134778721502,768.1097451944569,57.77201609298167,22.687080911935627,117.0972284309343,5.895619132767099
130,2015-01-22,4353,2078,6.59641167192429,121.70511221945137,174.8411752739109,4.527406209170659,4.578564079804725,12.777429904678339,1.5306255531231077,44.59108660693774,495.3735354927636,678.319320009189,20.285779921892946,22.262577532736046,70.18584883988055,5.760165403170228
131,2015-01-23,4091,1883,6.789649190005182,130.28140714698947,183.2756953642384,4.726724077080539,4.9416135636890655,13.354715349070133,1.522644927536232,48.170373991689075,544.8540699095576,734.5700317770717,21.69518455145441,24.68174040576876,74.88120263994134,6.100708873136153
132,2015-01-24,3813,1627,6.872173689619733,139.6704669527461,193.01611509710378,4.907089194373402,5.322267927791024,13.867541766109785,1.4679877092870133,50.94597429845266,578.2486231313926,761.3737214791503,23.548387096774192,25.95462890112772,79.73039601363756,6.504589562024653
133,2015-01-25,3720,1632,6.750276470436952,134.2384517443341,187.40135253219862,4.7541417626058005,5.222260219918978,13.654689006436147,1.471254958755746,48.520698924731185,536.5870967741936,742.3239247311828,21.50537634408602,24.544892473118278,75.1002688172043,6.322849462365592
134,2015-01-26,4462,1965,6.618863024053651,119.61163227016885,168.44906070397164,4.571768873686782,4.475794340815681,12.655652819570909,1.5765146198830409,45.357463021066785,525.8034513670999,695.3606006275213,20.59905871806365,22.809502465262213,73.54975347377858,5.9291797400268935
135,2015-01-27,4427,2032,6.604328920668664,120.55478523272026,171.0941159668666,4.537108367959722,4.555742009357787,12.597197556644094,1.5445211786372008,45.60831262706122,505.72667720804156,695.1992319855433,20.672916196069572,23.200587305172803,70.3370228145471,5.810707025073413
136,2015-01-28,4458,2058,6.611690252945858,120.60582162867449,174.5257672597455,4.497767924929393,4.546425098724029,12.667973113327715,1.530067332249826,46.3598026020637,514.3281740690893,697.6186630776133,20.8721399730821,22.980708838043967,70.6870794078062,5.764019739793629
137,2015-01-29,4286,2019,6.8445975032285835,123.6710977614515,178.11972813884339,4.631933960749045,4.654408070997991,12.86088379705401,1.51287020473067,45.901306579561364,518.775781614559,711.217918805413,21.293747083527766,23.503266448903407,70.73145123658423,5.796780214652356
138,2015-01-30,4028,1792,6.7486847899140185,158.37103065345082,184.33858620689657,4.66415613571351,8.064474807856532,13.463910268443778,1.5198930123704446,48.30585898709037,859.2316285998014,743.664597815293,21.80263157894737,57.508937437934456,73.94141012909633,6.164846077457796
139,2015-01-31,3627,1585,6.927911630074282,140.13744127311733,197.3287521726828,4.75341707472855,5.3541467528816415,13.989189038963927,1.473909553117474,51.935483870967744,591.8726220016542,782.3749655362559,23.465122690929142,26.529363110008273,79.64984835952578,6.618417424869038
140,2015-02-01,3479,1509,6.865132693393563,140.0256768461345,196.04679823465733,4.683194131424279,5.419341836294015,13.640535975033641,1.463199889943596,52.04886461626904,584.2736418511066,814.1759126185685,22.826674331704513,26.561368209255534,77.8304110376545,6.297786720321931
141,2015-02-02,4335,2068,6.633707955527855,120.22549544724157,168.51957521481302,4.4013271230779045,4.571314201256312,12.501067051482693,1.5223022255470358,46.4002306805075,531.8899653979239,691.1863898500577,20.502191464821223,22.90795847750865,71.90126874279123,6.002306805074971
142,2015-02-03,4379,2128,6.561972744970798,120.10288169868554,166.7218243719183,4.502370981647986,4.533382908593938,12.557707604199809,1.5367141855573732,45.76501484357159,513.0972824845855,677.3117150034254,20.309203014386846,22.821420415620004,70.52980132450331,5.809545558346654
143,2015-02-04,4336,2062,6.596511766339934,121.63350415267715,169.32095114160654,4.525630593978844,4.581241877842755,12.633009474867512,1.5631741862864648,45.63238007380074,515.2276291512915,685.1028597785978,20.964483394833948,22.982472324723247,71.43957564575646,5.864160516605166
144,2015-02-05,4247,1995,6.658298841059603,122.76210271952817,171.64448222565687,4.504704235439659,4.657379613579673,12.639592418651459,1.559484903175455,45.47586531669414,522.5792323993408,690.0699317165057,24.04803390628679,23.586531669413702,72.14716270308453,5.789733929832823
145,2015-02-06,4012,1803,6.7896277708071935,130.8694293852798,182.7346514768517,4.659911221074079,4.892906385204203,13.403628652214891,1.569189308106919,47.93668993020937,551.5296610169491,724.1455633100697,21.782652043868396,24.322283150548355,75.2023928215354,6.2156031904287135
146,2015-02-07,3645,1626,6.863676672130707,140.4012063559547,194.67768529212634,4.797573060127645,5.366201813748322,13.967477021808886,1.4675721341304913,52.227160493827164,598.6438957475995,765.674074074074,23.484499314128943,26.6639231824417,81.37997256515774,6.518792866941015
147,2015-02-08,3639,1588,6.78414585810543,134.1953586939459,184.5474961585438,4.762161494773232,5.229019184004323,13.465088884129363,1.4585910105196047,50.83924154987634,564.0225336630942,744.8469359714207,22.392690299532838,25.522121461940092,77.01978565539983,6.356141797197032
148,2015-02-09,4395,2118,6.754137069705721,118.7548571318323,168.64334466033517,4.484748152917011,4.479020629880375,12.428797311987351,1.5784331882581721,47.39908987485779,523.5574516496018,697.7904436860068,22.306484641638225,23.233902161547213,71.90489192263937,5.919453924914675
149,2015-02-10,4325,2126,6.5896044974849595,119.12767782304438,165.42086089820185,4.5116879882964485,4.494652029408803,12.412610597375622,1.5164014744995566,46.375028901734105,527.6397687861272,678.7449710982659,21.126705202312138,23.6235838150289,72.26612716763006,5.831676300578034
150,2015-02-11,4214,2004,6.64830456353274,121.56833134273973,169.63022008169239,4.512507215701366,4.556282941520957,12.69210176807504,1.540302693293361,46.275035595633604,522.7012339819648,711.4629805410536,20.904603701945895,23.31751305173232,70.40199335548172,5.836497389653536
151,2015-02-12,4085,1963,6.7045562925391256,123.27950390524418,173.14938691660782,4.601845522898154,4.660012407497674,12.801486759919063,1.509239074016402,46.590452876376986,521.0261933904529,701.7889840881273,21.242105263157896,23.22643818849449,71.83941248470012,6.039167686658507
152,2015-02-13,3731,1712,6.786468330134357,132.82872140982377,184.12274082179377,4.8370103378619245,5.022236553592158,13.478219696969697,1.496401151631478,48.51969981238274,568.552934870008,758.6113642455106,22.57732511391048,25.161618868935943,76.36853390511926,6.280889841865451
153,2015-02-14,3294,1405,6.939113939542284,146.05182917588579,192.7437291542925,5.067811934900543,5.710699305077318,14.30502362596369,1.4291204730229121,52.78233151183971,620.425925925926,783.826350941105,24.51001821493625,28.16848816029144,84.04250151791135,6.6788099574984825
154,2015-02-15,3289,1424,6.7711472123124095,136.0045280593614,188.17898678414096,4.752256023816169,5.314018241473766,13.556072382438556,1.4226767889779277,50.06111280024324,562.3903922164792,763.7953785345089,23.350562480997265,25.528428093645484,77.58710854363028,6.358467619337184
155,2015-02-16,3993,1874,6.750747801241127,125.35233950426368,174.06004018048282,4.64978696654327,4.7634080880680525,12.811797752808989,1.5061654948620875,46.846731780616075,531.9902329075883,731.664162283997,22.112697220135235,23.927122464312546,73.05008765339343,5.964187327823692
156,2015-02-17,4069,1911,6.6453468552923125,123.04582744585275,171.01928722497553,4.60552467576217,4.640840631995306,12.778885668555608,1.547503943819653,45.99975423937085,524.1592528876874,700.080117965102,21.614401572868026,23.62226591300074,71.45072499385599,5.916441386089948
157,2015-02-18,4142,1975,6.659832246039143,123.13122711580709,170.56070458993622,4.728925564388984,4.645920377546381,12.895622317596567,1.5387146632098518,46.21632061805891,527.8971511347175,702.8483824239498,22.218493481409947,23.715354901014003,72.33075808788026,5.835103814582327
158,2015-02-19,3979,1905,6.638043263856927,124.43931675806905,175.84119737828937,4.5799328557089956,4.727969864119467,12.846550268781376,1.53588864651501,45.78637848705705,515.5777833626539,704.48454385524,21.855993968333753,23.029907011812014,70.69615481276702,5.868308620256346
159,2015-02-20,3772,1729,6.810093844675977,131.68851938665884,184.1978834816361,4.809221723657744,4.964649761486317,13.473060317935664,1.5078758949880668,48.457317073170735,554.1243372216331,759.9570519618239,22.865323435843052,23.8626723223754,74.36930010604453,6.204931071049841
160,2015-02-21,3489,1548,6.868978912319645,138.7262091126308,194.5723145621434,4.771531987266147,5.329324882575972,13.808538931643277,1.4690872751499,51.76354256233878,580.9678991114932,782.933218687303,23.642591000286615,25.99054170249355,79.42705646316996,6.564058469475494
161,2015-02-22,3454,1559,6.739600619537559,133.98089380893808,183.52624298152818,4.676044183638246,5.193599234385116,13.61487264455615,1.5579627262329274,49.05964099594673,538.1331789229879,753.4614939200926,22.336132020845398,25.02374059061957,74.68674001158078,6.539664157498552
162,2015-02-23,4217,1995,6.667001229004506,120.78813885234288,170.21894158914137,4.575740908502653,4.542885805049323,12.675998421631949,1.5410744398940015,46.048375622480435,524.021816457197,693.0979369219824,21.67038178800095,22.63244012331041,71.66682475693621,5.825942613232155
163,2015-02-24,4168,1980,6.615633644093843,120.8172680203867,171.16650482490743,4.59489938105577,4.579605428499623,12.700920817951802,1.529681025344512,46.34764875239923,515.6717850287907,683.8558061420346,21.156669865642993,23.262236084452976,70.3003838771593,5.8409309021113245
164,2015-02-25,4100,1934,6.69245989980213,122.89332334020361,174.2769465744031,4.476282221631677,4.684313472616284,12.82986852215487,1.5400950400950402,45.66146341463415,509.1139024390244,707.3568292682927,20.598536585365853,23.440243902439025,70.45487804878049,6.033658536585365
165,2015-02-26,4003,1837,6.737171161254816,123.83726307064802,175.2976337515439,4.6393922497909115,4.725224922034506,12.860447977846759,1.5188723326930067,46.72595553334999,529.1778666000499,713.5380964276792,21.58481139145641,23.78790906819885,73.86934798900825,5.960279790157382
166,2015-02-27,3702,1690,6.812319077705339,131.1492325326423,179.28383793410507,4.73362079290933,4.949122897268378,13.437049532280325,1.5564945041957214,49.35062128579146,561.2452728254997,743.7277147487845,22.09643435980551,25.167477039438143,76.04511075094544,6.170718530524041
167,2015-02-28,3382,1463,6.883293202982217,141.3306159940295,193.11896262526344,4.949544626593807,5.413833875258646,14.290284569610558,1.4499391151400352,53.17090479006505,599.6555292726198,814.7968657599054,23.7397989355411,27.267593140153757,80.89946777054998,6.73211117681845
168,2015-03-01,3387,1475,6.746989646635156,132.20039527892217,189.81889861808523,4.674623951723832,5.1049143644031325,13.397058402724126,1.431653712141517,49.89105403011514,549.4106879244168,778.6796575140243,22.194272217301446,24.980218482432832,73.923531148509,6.339238263950398
169,2015-03-02,4207,2027,6.646661497020651,118.7114005856811,167.46658926334445,4.435118233339848,4.464283483583519,12.37123344370861,1.5545895096921323,47.294746850487286,526.0061801758973,708.0009507962919,20.033040171143334,23.307107202281912,71.00285238887568,6.0846208699786075
170,2015-03-03,4155,2010,6.723363405520345,121.53507911198332,171.05193432018908,4.476173237675245,4.552094070131892,12.702211806064158,1.514031715521384,45.74849578820698,518.6950661853189,691.4435619735259,20.258483754512635,22.99759326113117,71.11768953068592,6.0019253910950665
171,2015-03-04,4086,1975,6.673678874667343,122.27757218423969,170.08474629687993,4.540179925199636,4.584127257835065,12.642291939184698,1.5385645553295968,46.73617229564366,519.4388154674498,698.6943220753793,20.455212922173274,23.41727851199217,71.08908467939305,6.037689672050906
172,2015-03-05,3953,1863,6.653235977431132,123.18847468021728,173.29703264094957,4.579709124203261,4.662297749254271,12.769142651782305,1.5340914991950978,46.19731849228434,524.6286364786238,708.6488742727042,21.20187199595244,23.78674424487731,73.40981533012902,5.932456362256514
173,2015-03-06,3733,1725,6.831116693758928,131.00265575128523,181.99249084249084,4.6462322902070685,4.944794833781441,13.261692761742784,1.5664387889929339,48.63193142244843,554.3319046343423,757.8636485400482,21.810608090008035,25.004821859094562,74.62094829895527,6.269756228234664
174,2015-03-07,3443,1508,6.992621614665256,140.64767968307868,192.68960075072513,4.83903465568192,5.370898175671737,13.871530300828368,1.4733783783783785,55.08335753703166,611.967470229451,788.5742085390648,24.338077258205054,26.984316003485333,81.8855649143189,6.607900087133314
175,2015-03-08,3410,1521,6.826049991498045,134.75264057378197,185.5530456852792,4.878781078897765,5.186423066932202,13.645934807043837,1.486078431372549,51.069208211143696,559.6598240469208,735.9806451612903,22.916715542521995,25.241642228739003,76.47008797653959,6.559824046920821
176,2015-03-09,4226,2017,6.656278008636845,120.43782978209208,165.41800458715596,4.535679564456543,4.5480156836711405,12.51983233879127,1.5810791537913003,46.670137245622335,527.7150970184572,670.6017510648368,20.690014197823,23.404164694746804,71.07501183151916,6.122811168954094
177,2015-03-10,4182,1947,6.91070072842926,121.15975204602545,170.14870596913997,4.514619111975476,4.617076434186319,12.541265160325635,1.562940678762809,48.58919177427068,522.169775227164,693.9526542324247,20.664514586322333,23.751315160210424,70.65686274509804,6.07221425155428
178,2015-03-11,4118,1931,6.778024019080183,122.46295717411691,168.89542155045092,4.521750970113691,4.644520916227552,12.631746370623398,1.554880124495453,47.715152986886835,525.0036425449247,700.2969888295289,20.529140359397765,23.524526469159785,70.30840213695969,6.37178241864983
179,2015-03-12,3893,1824,6.675031911013859,123.67166227862913,171.5497785740847,4.589452407203234,4.6740514387573215,12.683507509170186,1.561094767808363,48.06062162856409,536.6894425892627,708.1114821474441,21.068584639095814,23.5681993321346,72.57821731312612,6.180580529154893
180,2015-03-13,3417,1554,6.82085376326214,132.19688850002734,181.00948928891424,4.826867816091954,5.010403486573879,13.390483383685801,1.5533711486399382,50.57184664910741,572.177641205736,729.4483465027802,21.736318407960198,25.247292947029557,76.47000292654376,6.364940005853088
181,2015-03-14,3038,1343,6.969263102587679,141.85495886506445,193.84508335346703,4.8050149504275295,5.463865265966317,13.994116473873156,1.448233106013639,53.52106649111258,608.5279789335088,783.0355497037525,22.924292297564186,26.80019749835418,82.3061224489796,7.022712310730744
182,2015-03-15,3018,1341,7.053089869387224,135.71373910806727,185.021325427943,4.635181525018204,5.355769548959264,13.292238344355608,1.4602545537687677,53.0364479787939,572.8108018555334,765.5202120609675,21.73326706428098,25.975480450629554,77.06726308813784,7.1037110669317425
183,2015-03-16,3627,1762,6.849371175251771,121.49037315922413,166.84609035777083,4.5863974911799295,4.594085427259106,12.497673738825421,1.5303569442900034,48.887786049076375,549.9768403639372,692.9462365591398,20.683760683760685,23.834298318169285,73.59332781913427,6.427901847256686
184,2015-03-17,3397,1658,6.885776413404963,122.90993135938805,172.0574953356433,4.5608062897290065,4.7104169389622275,12.751088308457712,1.544636556104446,50.5613776861937,535.2251987047395,697.8728289667354,20.780394465705033,24.06535178098322,72.59523108625258,6.423314689431852
185,2015-03-18,3158,1560,6.808279229787471,123.18532044593333,173.79760132340778,4.552448506342928,4.7252563119479705,12.733093383572815,1.5596929713270744,47.6111462951235,527.3970867637745,703.3951868271058,20.749841671944267,23.479100696643446,72.2992400253325,6.2504749841671945
186,2015-03-19,2788,1377,6.916044295647695,124.13827923422419,179.3262093862816,4.552601216698133,4.777197820235047,12.791979867965226,1.5725478601522656,49.779053084648496,548.9756097560976,734.7080344332855,20.79519368723099,24.019368723098996,73.47274031563845,6.4752510760401725
187,2015-03-20,2331,1132,6.944316024106332,131.1493264545715,185.02515915768853,4.747649440669823,4.98700037985903,13.437557661662334,1.5400302114803626,51.44616044616045,588.7177177177177,756.8970398970399,20.961818961818963,25.41956241956242,76.23337623337623,6.814242814242815
188,2015-03-21,1894,951,7.123704766459429,141.61826857532378,195.22723316718094,4.814461239282242,5.403958904846431,14.166747822323217,1.4863526570048309,53.343717001055964,640.7465681098205,771.1515311510032,23.647835269271383,26.8870116156283,85.35850052798311,7.224392819429778
189,2015-03-22,1856,925,7.045485981805608,137.32062957309049,199.17573391884198,4.777409217877095,5.342058104805865,14.011743059689378,1.487386958591147,51.500538793103445,579.2106681034483,743.6099137931035,22.441810344827587,25.81303879310345,78.30280172413794,6.899245689655173
190,2015-03-23,2290,1221,6.64560243453432,118.04804336526324,162.4336338379543,4.525969635503104,4.424921473990653,12.361608844834159,1.5333504142112904,47.584279475982534,545.1275109170306,682.3598253275109,20.589082969432315,23.088646288209606,72.48078602620087,6.077292576419214
191,2015-03-24,2153,1170,6.7292732440113685,120.74279290130892,165.1045515722501,4.495203836930456,4.546497659583282,12.655597722960152,1.5726362216300653,48.598699489085,538.9196470041802,686.5894101254064,20.509521597770554,24.272642823966557,71.92614955875523,6.375290292614956
192,2015-03-25,1974,1017,6.724990088542355,121.93450200593058,169.83600158772163,4.69410650542726,4.604761904761904,12.754343542898084,1.532046795320468,48.43920972644377,546.8530901722391,700.1028368794326,21.69807497467072,23.4468085106383,74.71479229989869,6.367274569402229
193,2015-03-26,1847,974,6.833260690590343,121.82784882885473,171.2038941150733,4.44117412459121,4.616696147798742,12.59281055367564,1.5425764192139737,48.87872225230103,548.8684353004872,683.5955603681646,20.74120194910666,23.473741201949107,72.96372495939362,6.625879805089334
194,2015-03-27,1590,836,6.865503453289713,132.95932813437312,185.6602012145382,4.8448789202064315,5.038031043225527,13.868482538121004,1.5923575665609049,51.362264150943396,591.6037735849056,727.6358490566038,22.40188679245283,25.27798742138365,77.1685534591195,6.866037735849057
195,2015-03-28,1329,649,6.943363499245852,142.41249065071054,204.41058332393095,4.729133472239245,5.483052801475674,14.457074414651109,1.488247493950916,54.90594431903687,626.5831452219714,809.1143717080512,23.00150489089541,27.585402558314524,81.37020316027088,7.157261098570354
196,2015-03-29,1285,645,6.867690669911033,136.91833195083328,188.83658647299137,4.865069513406157,5.2636165577342044,14.043227215980025,1.4773790951638066,52.13696498054475,588.9284046692607,730.6583657587548,23.165758754863813,25.672373540856032,79.70350194552529,7.081712062256809
197,2015-03-30,1543,803,6.705413464846886,119.58159043246613,166.2883157619587,4.4625070475474535,4.548303942820318,12.402304902304902,1.4822489111785666,47.98444588464031,565.2896953985742,696.6305897602074,19.79650032404407,23.848347375243033,75.36681788723267,6.392741412832145
198,2015-03-31,1293,704,6.704653371320038,119.44999664632101,165.13103448275862,4.633396669274617,4.569738480697385,12.501831248704304,1.5287780855647892,49.08430007733952,557.5344160866202,700.5754060324826,20.010827532869296,23.552977571539056,73.52358855375097,6.012374323279196
199,2015-04-01,1126,680,7.2063775312281795,124.29253319008518,177.57352431558277,4.4064150457297435,4.653846153846154,12.740345045900602,1.5310119695321,53.92273534635879,585.6989342806394,746.2415630550622,20.145648312611012,23.236234458259325,76.09413854351688,6.3667850799289525
200,2015-04-02,946,568,7.009598432908913,124.87497588269342,177.72561583368932,4.713932399010718,4.77118813864957,12.804737261146498,1.5402999062792877,52.874207188160675,575.6469344608879,739.3837209302326,21.331923890063425,23.693446088794925,77.01268498942918,6.515856236786469
201,2015-04-03,742,444,7.0414467756468015,129.02871362940274,182.00873108265424,4.584479793637145,4.931662269129288,13.14719012605042,1.4967144563918757,55.33423180592992,648.6118598382749,789.9743935309973,21.10377358490566,25.460916442048518,80.49056603773585,7.401617250673854
202,2015-04-04,584,325,7.062161246612466,136.65781563126254,191.17983235966472,5.096478671628972,5.3047998613758445,13.825224292615596,1.4180834621329212,59.73287671232877,654.917808219178,755.0462328767123,23.45719178082192,27.993150684931507,81.14212328767124,7.75
203,2015-04-05,515,271,6.921683108516207,141.2799442896936,187.66696375519905,4.7331545424069725,5.415023863872173,13.658903544929926,1.4372568093385214,58.07961165048544,660.1378640776699,826.4990291262136,23.683495145631067,27.05242718446602,89.52038834951456,7.4524271844660195
204,2015-04-06,574,341,6.846955128205129,117.93308020882772,165.1969476744186,4.47433433982981,4.511376657390735,12.123652401176086,1.5698681732580038,53.68989547038328,643.6724738675958,736.1794425087108,21.113240418118465,25.165505226480835,80.90592334494774,6.916376306620209
205,2015-04-07,351,223,6.975520833333333,117.60264728782766,163.28416569879985,4.382934005884826,4.5456,12.103809012875537,1.7208860759493672,49.81196581196581,610.3276353276353,808.9088319088319,21.45868945868946,25.27920227920228,83.65811965811966,6.381766381766382
206,2015-04-08,132,90,6.832444782939833,116.5662376987131,157.3855544252289,4.169050715214564,4.736801836266259,11.833465503568597,1.8324225865209471,54.03030303030303,708.4772727272727,826.1060606060606,21.257575757575758,25.803030303030305,86.84848484848484,5.659090909090909
207,2015-04-09,17,15,6.57051282051282,103.67948717948718,127.39669421487604,3.925925925925926,2.7948717948717947,10.801282051282051,1.7619047619047619,58.705882352941174,765.5882352941177,866.1764705882352,18.529411764705884,30.11764705882353,93.41176470588235,6.529411764705882
